mtime,AH,AI,AQ,BD,BG,BW,DF,E,EO,FG,FT,GN,GQ,HK,IY,JN,NO,NT,RW,SV
2021-11-01T00:00,8691012,11518408,12332903,12070612,13288982,10503185,12369439,12238665,10244700,11073969,10680582,13639358,9852420,11248420,10168506,11038506,11888538,9951942,12411193,10890037
2021-11-01T00:05,13683089,10150067,12293400,10377356,10629512,11369741,10293939,11610468,10632594,14335789,13454625,10387761,11976139,8863081,8831875,10445761,11380209,11393272,10949131,11906845
2021-11-01T00:10,10964523,12648534,12989073,11289369,11501076,12867938,9134837,9804264,10043304,10795910,9719002,8674334,10971755,9323898,12202100,8631423,10287606,10562646,9279875,10112907
2021-11-01T00:15,12129871,11509248,12411577,11232152,11421458,9476862,9470859,11218337,10633503,11650739,12270956,9387273,10144733,8153921,11971818,12951590,11523096,10216600,9870834,12391437
2021-11-01T00:20,11010030,11284350,13032259,11674045,8464926,9793425,11784128,11073259,10356719,11770814,9871604,9551598,11890519,14258933,12143059,11117136,12126081,10836094,13561973,11683004
2021-11-01T00:25,10940017,10791721,12305624,9055462,11114326,13741235,11071908,8930129,10926576,9784978,10022435,12117209,12279190,11322435,10685579,11148854,11124396,12715916,10946223,10052106
2021-11-01T00:30,13029958,10537858,8827647,11485860,11219285,13088473,9803709,11034230,10800820,8392724,7637224,12461947,12661607,9896144,12041209,9154808,12615568,11528954,11862507,9767649
2021-11-01T00:35,12570835,11381501,10797947,11881174,10815030,12047761,9873624,11894604,12654221,10547115,10325654,10932106,12530076,9011923,10835349,9038189,9832111,11605449,10495261,11161812
2021-11-01T00:40,10494874,10817822,10569656,10601141,11758258,9014871,11183197,10391262,10570303,10272390,9899212,10330046,11060428,9066360,12552250,10394236,9828431,12182025,9127990,12824726
2021-11-01T00:45,10239878,10349904,11497244,10567766,13072934,12275693,10466480,11145679,10317409,10988308,10325076,12009953,11129929,12103584,11395977,10122227,12796093,9134884,10248182,12440202
2021-11-01T00:50,10520817,11723170,11609811,9488918,11040784,9124556,12480334,9809978,7698973,12550105,11354837,11232023,11442153,7958998,11477816,9743037,12927236,11245906,14745344,10606396
2021-11-01T00:55,12212296,10331945,10367898,12119993,11622248,10086598,12160262,9220279,10802796,10249192,11718783,11754380,9746357,10502485,10297087,11387407,10424337,9777117,9490106,9832395
2021-11-01T01:00,12113736,11137426,10747624,11062951,12074114,11204883,8375241,10639015,14440912,9167970,9839396,12026379,11378730,11015116,10560975,9386858,11052863,9470837,9539563,12919584
2021-11-01T01:05,11001157,10073661,9662599,8438341,10660486,10848726,10026546,12307422,11473971,10382237,9863544,11826062,13442149,11364189,10476383,8913420,9391793,10058072,12220767,10606117
2021-11-01T01:10,8492326,10726471,11459854,11148936,12820599,10360414,10361175,12866918,7535020,9911013,10016389,11683340,9699203,10041946,11043029,8375672,11480231,9405200,11233835,11407269
2021-11-01T01:15,11523273,12294006,10910085,10041057,11031231,9828545,13456734,12112775,9798629,10007401,9700621,10859409,12122114,9945454,11515437,10650522,13159366,8481790,11682686,10959208
2021-11-01T01:20,10612858,8903610,10724874,9239538,12721138,12659766,9943523,9189402,9485394,10337724,9954923,10824924,11045761,10771630,11182196,14764064,11571237,10328063,13347083,12081838
2021-11-01T01:25,8881170,10339503,12284810,9619084,9927804,11248325,8251536,10261262,8657697,12598208,11661937,9627365,10478300,10739387,9645624,10314679,11409228,11084988,12756565,10872250
2021-11-01T01:30,11975995,9125264,11513128,11182095,10061124,8698666,9583038,10103066,9472145,11278593,11059958,11222628,11399727,10918761,11299649,9540825,10136045,9346277,8940387,11368518
2021-11-01T01:35,12165601,10612931,14608419,10499086,11301650,11322799,9994325,10446406,10895643,13458957,12687619,11126663,11760092,10247233,10496515,11087525,10268795,11399483,8568329,10609349
2021-11-01T01:40,10306183,12215959,10692923,9483330,9742206,10968863,10268943,10950174,10775711,10140253,13291753,9782166,10631952,10274969,12472475,10813146,11447191,11701022,11215272,13819284
2021-11-01T01:45,11837248,9631270,9407803,11748231,9889225,9753361,11158839,11022396,11772946,10995901,11547662,9556727,10754089,11225105,9655177,12012722,12961442,10628144,11964710,11279009
2021-11-01T01:50,10484603,11003527,11777267,9061050,9684330,11460285,8663483,13172654,11745805,13220627,9579491,12861985,10787680,12042822,11297492,9580939,9633914,10851512,11772641,10544933
2021-11-01T01:55,8416643,11031286,10546842,9032011,11491184,10069762,10542002,9576293,11036170,10894868,7306752,11346726,11744272,7810943,9654067,9942830,11935858,10804847,12163495,11496713
2021-11-01T02:00,10734507,13138981,8773310,12044540,12861158,12473722,10524978,10305566,11130043,10653265,9668719,12291943,12736923,11574780,12958591,11605268,10082542,10521645,9782990,12134598
2021-11-01T02:05,11197936,12623769,10181904,11739819,9888031,11860226,11568692,10864742,9482734,10884695,7899824,12359664,11396152,9825313,11778015,10008293,12106329,10206813,11321711,10391216
2021-11-01T02:10,12127235,10214747,10113173,7832124,10657260,10735519,12470070,9326748,9724222,10347259,12520077,13445669,11033206,12560170,14357865,9881351,10454769,11274843,10612995,10915062
2021-11-01T02:15,10737384,10839463,10847658,12013829,10479363,12227500,11011412,10704375,9849845,12861730,8921365,11313777,11164657,10246817,10272572,9417507,11785141,11747315,10176463,11560611
2021-11-01T02:20,9926377,10891132,10757506,8749649,9999505,10481499,13732677,8064129,13017165,12655719,11742764,10782622,8995479,12132731,12598775,10503355,11326912,11298566,9652633,10092848
2021-11-01T02:25,10648042,11431138,9419909,7869374,11446569,9187496,9723167,9761538,10413338,8867972,11091042,10235800,11437935,12533920,13202331,11189067,11983986,10080088,10290424,10164383
2021-11-01T02:30,11600511,8993403,10980804,9148073,12316025,8826889,10476659,13302789,13823895,8944424,10257990,13260895,10190614,12473999,10575178,10849393,9844211,8660872,10778179,9927764
2021-11-01T02:35,8191422,10559126,13737811,12104483,10476946,11479186,10308106,10633287,11006030,11031314,11694918,11733339,10586943,10110971,10956383,10577042,8228333,13307417,10386485,8759567
2021-11-01T02:40,11962849,10701457,10935318,10892261,9626715,10443023,11236983,11530531,12336035,11617212,11474621,12178981,10850174,9029186,9803304,12736206,13688043,10233555,9403193,12385465
2021-11-01T02:45,11757773,9474888,8730189,10206995,8695275,11613278,12204906,11859024,11446650,9741866,10712415,11277643,10507594,10536189,13164800,9594662,8991199,9494488,10954262,10729537
2021-11-01T02:50,12426599,9720751,11967521,10257792,9779484,10335235,10660576,11504480,9124586,11305562,11163227,12140222,10912382,11231226,12803288,10650828,11901788,11612738,10120468,10799679
2021-11-01T02:55,9932314,10397923,9813644,10352090,10197393,11477600,9816564,10218289,13519695,11359421,10037684,11726505,13096998,11954318,10520553,11400787,12290277,10752756,10612838,12116877
2021-11-01T03:00,12150191,12239991,12129540,12140564,10394466,8972508,8887482,9988855,12994086,8280646,9357212,10792408,9612261,11078617,9261497,10981902,10955224,9302742,10040810,10953222
2021-11-01T03:05,13056620,10993111,12298814,12306781,11602737,10864175,8992308,11654104,11655559,10051901,11399538,11804220,10895293,12377041,11276634,10086734,11889710,10638487,10241724,10961171
2021-11-01T03:10,10269086,11533666,11145873,11164189,10194884,12799717,10607065,12238529,10687784,7619723,12569288,10879660,9282228,12519880,8515702,11679117,10007732,11847451,9731892,13053376
2021-11-01T03:15,10797871,10568410,10869944,11609415,12202467,9599832,12254396,10832583,11984563,10581570,10236771,9917106,8800832,10714077,11151038,10747164,11014449,12069101,9644389,12597767
2021-11-01T03:20,11750866,10376503,10518886,11807634,10797216,10378484,10247467,12600405,9437481,11077252,8851384,10549691,9715933,9945614,11922889,9985641,14465711,9428656,10329600,13355947
2021-11-01T03:25,12245573,9785724,10187326,10873139,9619946,13444974,8096911,9365875,10426705,10836250,9621804,10753795,12206856,12175809,12245355,10015198,9659772,13469638,11667672,11945281
2021-11-01T03:30,10687511,12403928,9599621,13356286,12923635,12045940,11968623,9019186,9624823,10074894,12300440,11155684,9855071,14212356,11307635,11952572,11304613,11184987,9424699,12199616
2021-11-01T03:35,12624417,11605807,10707915,10729052,12279501,12448721,11410645,11738914,10132595,12262320,11306152,9505002,11977599,9510668,9205426,12095441,10951437,11102390,9366662,11388664
2021-11-01T03:40,10544638,9402637,12223799,9356508,11704682,11273916,9493978,10321435,9406037,12410103,10941851,10908640,8963594,11127722,12275506,10374692,11898292,12783349,11107352,10690673
2021-11-01T03:45,9515602,11392108,9571207,10864342,9818578,9543634,11753512,11804345,10365434,12261292,11460424,14092322,11734227,8462809,10335722,11754094,9917629,13083886,8874660,11285044
2021-11-01T03:50,11089435,11410620,10014161,10258670,7796494,11399156,12334617,11150016,11999777,10047022,10767313,11025726,12795853,12575578,10551746,12984546,12367216,10889935,9514532,10495338
2021-11-01T03:55,11749806,10359202,12093601,10628525,10588596,11615893,11411011,11196898,9882101,9781171,11703808,10829133,9708237,9898856,11367728,8753951,10900394,10718427,9496087,13235663
2021-11-01T04:00,10179182,9741304,12209796,9289392,10969437,11340547,9832168,10041232,12112634,10053824,10009317,10579916,12546420,11919898,10870736,10984421,11974897,8950000,9752131,12225421
2021-11-01T04:05,9367152,11587351,8026305,11006160,9362671,10484077,11062775,13060526,10076394,9410639,10922099,13552163,8508618,11700589,9905493,9867333,11439724,10145573,12548697,10570958
2021-11-01T04:10,12885677,10816539,10006817,10091927,10741567,9657024,9999494,10967748,12825233,12092532,13986379,12321998,12140249,11730916,10631007,8995496,13697959,9020113,10321625,10591129
2021-11-01T04:15,10424918,8386172,10645388,11734512,10213912,9778537,10512519,10035771,10561413,11597548,10597130,12701852,9000665,11040476,12891202,10200308,10090237,10981572,10472574,10865529
2021-11-01T04:20,13395597,9879117,9682281,12262197,10213732,10901355,8061114,9709578,9085703,10462291,11228541,12780185,12496772,12477562,13008625,11882728,10300481,8706579,9251750,10161166
2021-11-01T04:25,10885834,10735934,8727576,11103860,10701221,12222027,12062002,10928761,11088749,12265136,12055989,11446289,10032191,10401624,8254372,10099133,13904941,9403754,11090974,9091062
2021-11-01T04:30,10123988,9391824,11248528,11088166,10637188,12735886,11804967,10908428,12633182,10884641,10408587,9521916,11756580,10425301,9866601,11205425,11623226,11748624,11312803,10868932
2021-11-01T04:35,12539428,13016885,11397583,11186410,13001395,10051874,9361529,10720681,8784253,11252812,7472757,10647019,9777331,9755632,10558554,7887612,10719191,11315280,9945645,9224729
2021-11-01T04:40,10704710,8754652,11267586,11497095,9247947,9446222,9644276,10389088,11210900,8147176,11436223,10595586,12061307,8850523,10817328,10602827,9720444,11542500,11170571,11573858
2021-11-01T04:45,8946100,10589819,11920029,8839366,9052124,12851103,10309978,11110914,9569017,8659980,10499137,13043788,12500686,11869918,9206041,9771379,8638000,13009003,10774791,12800755
2021-11-01T04:50,9257462,10387786,11754916,11734712,12240084,9659986,8642688,12547625,12143093,12120113,10370294,12611019,9244051,9902384,11007590,10000539,11651022,10634577,11526608,12624743
2021-11-01T04:55,9846209,12997586,10518743,9988476,10382856,10180334,11446550,7825357,10804010,14077873,8800363,10762886,11666487,12642806,10757185,11625564,10415834,10587111,11540699,9941545
2021-11-01T05:00,10310358,12450648,11151404,12144414,13406188,11292721,10717132,12051314,10153005,10828996,13285176,10844182,10531102,11519985,12169060,12047021,10827046,10895557,10677150,9923370
2021-11-01T05:05,12399031,13039276,10995397,10441262,13088655,10930700,8310490,10422161,11580590,9870064,12444541,8026967,9510771,10407090,10526447,10171335,10654517,11707432,10415017,12536755
2021-11-01T05:10,10968946,10802484,12415130,12559489,10296379,10087391,9041114,10585140,11169465,12183247,10485439,9467723,11429651,11652115,10428076,10951396,11996896,9409441,9353028,8851087
2021-11-01T05:15,12997336,11451644,14214003,9189904,10420525,8714794,9435768,9390231,11089421,10567570,10686891,9965779,10567122,11344288,9961850,10321586,12410684,10847131,11348917,10180036
2021-11-01T05:20,11290540,9385495,12136024,10837473,11061740,11308606,11596446,11366033,9977277,12737404,10356306,10581305,12826297,13770715,12898661,12084242,9130520,10755523,10304712,11692859
2021-11-01T05:25,10770626,10643324,11001491,12188864,10186789,13067435,12534387,11291704,11297446,9729131,11595748,9765429,8765707,14967496,12047704,10143555,10371819,10279980,10870690,10391166
2021-11-01T05:30,13221152,12482252,11725168,12071237,12350764,10385577,10788136,10711424,11172763,9660611,9197506,11066970,8604787,11560317,10934780,13645119,11054215,10687377,7809602,10430618
2021-11-01T05:35,12370542,12238737,8707690,10792155,9930339,11232224,12338712,10692804,9429094,11903607,9147310,9628917,11980423,11618959,9829049,10454508,12302845,9814402,9209510,12399690
2021-11-01T05:40,9527203,11916878,11110737,10715609,12592793,10132085,10786522,8295264,11808123,11670056,14582441,10505471,12366495,8825522,11232740,12320993,8337701,12150397,10436399,11839829
2021-11-01T05:45,11515919,11897544,11515183,12560816,12480609,12937814,11040445,9381941,13187627,13630898,8825345,10242017,13573946,10325132,11829031,11091537,13274943,9690333,11133593,11348174
2021-11-01T05:50,9627536,10630608,10140296,10340876,9084250,9847440,7578296,10262754,10509053,10074353,11044050,11291404,12914489,10117681,10341705,8703404,12410380,10744877,10427291,10764213
2021-11-01T05:55,11079095,13996262,12655365,11964863,11268389,11005721,8547306,11167006,11021082,9003725,11271034,10059017,12466345,12184730,11884874,12393031,9679696,10385858,10741507,10688172
2021-11-01T06:00,12615208,12177748,10873843,10952685,11483671,12168876,10052745,9375078,8415276,11003284,11646724,10419683,12076343,12247792,9851517,11163625,10624437,11068072,11346441,8983818
2021-11-01T06:05,8333726,12437198,9599768,10888480,10259303,13686757,9920078,8626762,10919683,12026801,8849905,11087845,10362340,10012329,11424994,12981237,10454374,11468734,10563322,10126374
2021-11-01T06:10,11519238,9398323,11205706,12009707,10556936,11992818,10547339,11471418,11401959,11274153,10547551,10144699,9764240,9188653,11241742,12700174,12060493,12005600,10865878,11883890
2021-11-01T06:15,11299163,10933119,12331471,8995914,10159219,10325614,11252157,11501835,9559423,11002916,12052246,12571292,10752776,13544906,11894598,10484689,11096975,11543681,10900160,11142542
2021-11-01T06:20,11153974,9814516,9931074,9055539,11176559,9565772,10797193,10898306,10073044,8641365,10705373,10055946,10597978,11031015,10575629,9038476,10247687,13020019,10534173,13305434
2021-11-01T06:25,11101646,11416157,13299839,9830524,10787681,11451030,9120719,9253150,11293086,12177741,9140384,8606633,10464710,10003664,10999941,13047134,11310953,12476914,11586174,11598783
2021-11-01T06:30,10300469,8271514,11555239,10653866,9819016,10876488,12672793,12698634,11673990,12155462,10590208,9443415,8906336,9991294,10361212,11075589,11013208,12318705,12033969,10861144
2021-11-01T06:35,11474318,11400938,9704677,11623635,8345553,11985208,12295535,11850696,11818026,11887378,12255175,13184188,10423089,13970983,8833078,9827868,11133028,12072229,13172431,9901719
2021-11-01T06:40,12568959,12733850,13022516,10060563,11816277,11713045,9868965,11118726,9820443,11434814,13542683,9658522,10064190,11229504,12461106,9707728,11416943,9050952,8468732,9759777
2021-11-01T06:45,9779975,9241372,10472061,10347373,10201199,9821858,10509730,10038820,11325643,9176735,10038926,9073330,11044253,11114631,10620180,10068320,10615891,11220826,12726585,8872852
2021-11-01T06:50,14287406,10614937,11486654,10210937,11723526,10381053,12776439,11025229,10596557,9052349,9390117,9640563,12972189,13044994,10735701,11428248,13662507,10639403,9560838,10858938
2021-11-01T06:55,11235532,11094767,12111369,12428457,8353767,9982844,8078960,11301574,9520737,12578206,11032899,10606123,13835793,11622486,10150038,12470776,11240984,11093055,11188083,10578564
2021-11-01T07:00,9385466,10749925,11959385,9765774,10378014,11774344,11055401,11302462,7048691,11307140,11912612,11357230,10637188,13029661,11391017,10785307,10908666,12845272,8963828,9320002
2021-11-01T07:05,10707199,9056750,11152274,10112756,9721618,9364842,11774544,11859676,9868986,10857161,10827446,10998485,9812977,12085217,10240534,11394391,13178075,10090878,10542698,10504734
2021-11-01T07:10,9279568,8785605,11937115,11530716,10591657,9946891,10910833,9430692,10191232,10523257,10493778,10698529,9948533,12958826,11519338,13713640,10222928,11382423,9163050,16040874
2021-11-01T07:15,10942060,12147528,10412771,10943664,11621279,8576604,10756221,10411014,10474472,11510339,11330715,9937572,11102959,9832642,10184144,11149076,10325064,14501752,11759995,10029914
2021-11-01T07:20,11101973,9601324,10687117,10485091,11261398,8107542,12064250,9586566,9413336,9822729,12819246,10465621,13126149,9949798,8552320,11278664,8100793,8906366,10831132,13239501
2021-11-01T07:25,9833888,10656507,10256754,12382522,9517298,11354380,11345110,13366973,10404563,10514652,10820030,12069825,10102076,11597682,10701948,10725718,11254562,9952469,10617693,10687771
2021-11-01T07:30,9567725,11539549,8606193,10503707,10250202,11757653,11800696,10425900,11093664,11945090,8635827,11297749,10726815,9206464,10597349,12542442,9902377,10145257,12298117,7764197
2021-11-01T07:35,10875897,14441272,11188813,11273787,11918865,10040244,10834896,11165996,11582068,10916920,13670479,14336804,12507858,9261025,11380971,12088977,12102443,11472278,8089153,10751420
2021-11-01T07:40,10557499,11415841,9486877,9332919,11869628,11088942,10599230,12248688,8967293,13401318,10577729,10322372,12554636,11949435,11819779,9508621,10605095,12115019,11773576,11774158
2021-11-01T07:45,10581151,11653728,12015364,12143606,10405459,11409914,11432789,11057615,12644641,9588296,11454315,11608902,9326036,12316003,12058823,12761107,13366362,11669935,12479594,10674056
2021-11-01T07:50,10285409,11213470,11214570,10962543,9744673,9124486,11080557,10436609,9440753,9930479,10524245,11239672,11076329,10384218,10707763,9280125,10853860,11206911,12733205,8639614
2021-11-01T07:55,10066847,12649235,12081863,8694746,10363590,10412947,12239149,10799643,10185233,11797696,12583144,8851576,10229065,11018010,10540938,11555651,11711140,10526787,12292756,10835055
2021-11-01T08:00,11639932,10043785,13045510,9767263,11692034,10126391,11430148,10330402,11244275,11351023,11339107,9349631,9627024,11347548,9033300,10760066,9426197,8973627,10790542,10837646
2021-11-01T08:05,10304400,12409295,9737607,11233917,11538675,14599874,12167162,11191709,12820567,11625746,10823801,8245079,9576216,12134320,10605101,11126053,11965035,12180639,12645913,11864809
2021-11-01T08:10,9767639,9486865,9009046,10108891,9237885,11147677,9583780,10969470,10195835,9455280,9231438,11249659,12210235,13691910,11816876,11797382,11929483,8561058,8990754,10594439
2021-11-01T08:15,12607489,11762127,13651050,10586767,11926673,10115593,9683957,10775800,10217197,10944665,10969132,12238904,11477869,10256283,14288491,11664825,11416924,9612076,10487709,9870315
2021-11-01T08:20,8954381,9656650,9720507,10457548,11347415,10266971,9448752,10621655,11247828,10245414,8914876,10138037,11241506,12801976,11614469,11083704,12230918,10501498,13100331,12021131
2021-11-01T08:25,11758048,10927580,10589311,8893086,11830232,10633282,9653602,12001443,11230099,10903474,10823209,10748514,11108576,13163203,11828840,9946362,11062343,10217880,10772825,10167568
2021-11-01T08:30,8755188,11460876,10876456,7952257,12745482,10381309,11102365,13097897,13250344,11349098,8809439,11834674,10874891,11322195,11783510,11185892,11082320,11591733,11884804,10285864
2021-11-01T08:35,11595443,10212730,11872724,10671043,13364079,11291037,11406941,12253474,10736233,10222196,11873466,9949092,11249349,13156832,10667383,13980718,11196244,10330203,12476463,10260172
2021-11-01T08:40,10663333,11704664,13749554,10744284,12839527,11528345,10613062,10502931,10502870,10148004,10535745,9346430,11623069,9320478,12427909,9662842,10977236,8817776,11136004,10744599
2021-11-01T08:45,12574375,10390144,10484798,9390281,9599955,11912488,10390408,12675327,8335896,11873332,11242773,9522740,13398694,10365342,9700518,10145135,11222817,10813045,10440106,11552352
2021-11-01T08:50,11207013,12062902,7584069,10174076,9564773,10836613,9017609,11777023,9832832,10825749,12212469,10398534,10066457,11128702,10490985,8600483,12965486,10056208,10743678,11617503
2021-11-01T08:55,9652022,10223176,10570992,10449784,9978766,11001700,14118850,10386117,9881896,10180226,9826090,9593155,9961750,8957471,10032786,11499594,14024844,13864904,10974133,10967117
2021-11-01T09:00,10572788,11805600,11760302,8574909,12040683,11213055,9902023,10149509,11158802,10814601,9607916,10080387,9722991,11460724,12497452,11555329,10488862,8244258,9261115,13497790
2021-11-01T09:05,11918530,11242881,11347571,10940515,13802366,12375765,10748325,10488715,12517827,11312821,10488228,10623581,9286785,10148059,12999617,9527444,9154380,13321100,10281267,10844374
2021-11-01T09:10,9216959,11419541,10197074,12233717,10103314,10976679,12896377,10473617,12271924,10870638,11040937,10833523,11976466,11526451,9587657,10444513,10336739,9386650,11938895,11018456
2021-11-01T09:15,10871297,10937910,12037890,13108596,8797258,11663930,14346565,9972036,11703467,12331496,9751971,12274750,10925823,8815837,10774670,11500677,10562171,8211382,10689338,13137250
2021-11-01T09:20,9698408,11020669,9408716,11499379,11118117,9384585,11645403,13579293,11721218,11249863,12712075,12122137,10250644,11157956,11491331,12316290,12104460,10705442,11301836,9061386
2021-11-01T09:25,8883385,10128744,10237073,9816849,11677601,11371505,10174673,10982482,11585077,7925698,8692762,11814395,10670772,8707407,11707417,10919448,10985335,10668120,11828896,8374125
2021-11-01T09:30,8245754,9855114,8873247,10430586,12858017,11477102,9780774,11174233,10303278,12849200,8965035,10216449,10087646,11978511,10526242,13265697,10725288,12915623,9943033,11838652
2021-11-01T09:35,10666495,10145801,10674309,10854827,11222579,10620641,10112918,13203891,7896342,9745096,12427799,11213467,10332869,12395644,10337066,9181570,9658520,9396625,10798051,12497328
2021-11-01T09:40,9371531,9957291,9467342,12104431,9490733,9248526,12823896,10175347,8668358,12395850,9838446,11031431,8870193,9774522,12472319,10224280,9115577,12380543,10523238,10518220
2021-11-01T09:45,11662900,9555975,10799647,9759924,12276414,9009977,10851395,11561997,10582564,8154321,12839432,9477838,14112182,9200101,9792460,10423427,11430109,10883881,10868259,11611318
2021-11-01T09:50,11994147,11044938,9076906,10320853,11689030,11704841,10108833,10609116,11941465,10734276,8957791,10813984,12352039,10678632,10330192,11072519,10525876,9752976,9830510,10464249
2021-11-01T09:55,8405824,12897812,7998371,11062789,13570556,12150478,12522114,13559906,9210714,9176145,11304953,10865366,11984135,11334614,9423537,8942589,11010912,11240714,10145275,9525938
2021-11-01T10:00,11795288,12724676,8312853,14311679,10126495,14236997,9452927,10290385,9973953,9563820,9360285,10387014,9514396,11927771,11670104,11408193,11226054,8360833,13273868,11106850
2021-11-01T10:05,11919206,10771562,10899981,12940227,9663076,11823620,10272661,11534939,10221578,11826315,10052887,10413827,11766830,12061164,12039977,12689703,12482841,12938806,11205039,12023007
2021-11-01T10:10,10680541,11983881,10509884,10990094,11986875,9525209,9963941,10062194,14091470,11631459,12599373,12199862,10148472,10319730,9761321,9887917,9490544,12310188,12541955,8709073
2021-11-01T10:15,10923405,11090604,10259430,9042614,9154195,13070027,9928779,11421958,10126872,10221817,11050179,10728854,9749104,11088986,11330157,10557563,10816410,10610377,9462976,9944376
2021-11-01T10:20,9477355,9899384,12359581,10620993,12711742,10638555,13554496,10279199,10741953,11769624,12673219,11753609,10496522,11060783,8527723,12409354,10075382,11802313,9468604,10675438
2021-11-01T10:25,10408126,11021021,9667996,13111058,7277870,12068985,9691682,11456751,10000679,12367945,11990802,10184411,10857313,10945585,11048891,9976476,11765261,10914741,9896382,9856010
2021-11-01T10:30,10855049,10338173,11711401,11230538,11184843,13584211,10019264,11094113,9806608,11405479,10219877,9588348,9745475,11077045,10656381,11186524,10933882,11127294,11969481,11495877
2021-11-01T10:35,11202481,10168780,12574225,9622857,8658827,10132146,12356138,8195078,12034578,12651405,9282929,9197039,9326095,10968117,11121165,12271955,11743766,8864430,8638358,11220677
2021-11-01T10:40,11709576,12218771,10239980,10233103,10773336,12045018,10120957,10860954,10464454,12046972,12788256,10692544,9461279,11507243,13802262,9681296,11128324,10524209,10836750,8380382
2021-11-01T10:45,11508556,12244697,9593707,10409954,10950208,12453787,10226160,12364387,11000128,9745891,9962127,11379529,10105099,11250571,10426975,9452228,12048864,14228224,9063853,8260732
2021-11-01T10:50,11920131,7841473,12706530,8319433,9544528,10839849,12854350,11749372,11154213,11462866,9508715,11599201,8388451,9299771,11562725,13278020,12615945,11557341,11141945,11455188
2021-11-01T10:55,10202414,10825261,9905123,10285146,9228937,9144528,9929734,10419645,8142854,10108463,12005047,9916838,12311593,10020331,9014428,10454404,11305258,12017377,10893705,12356834
2021-11-01T11:00,9762085,9595736,11517834,10905485,10634134,12450388,11948788,9901360,11228621,13158428,10002226,10844887,10156212,10847095,12150980,10745351,10222184,12020971,10821220,12178581
2021-11-01T11:05,9734835,12434520,9981720,10077087,9280574,10857816,10889432,12746723,12312080,12216762,12799749,9758599,12279804,10998985,13006341,9716331,11427876,12231455,11093919,11448427
2021-11-01T11:10,12845741,8966018,10165806,11328565,9952878,9579008,10407305,12028835,10422332,14354290,11305654,11939639,10719049,10900898,10288813,12193909,11741566,9946961,8141873,12291920
2021-11-01T11:15,10028333,13615337,11773633,9427798,11049774,9154596,12329264,9320057,9311258,10100317,12953250,10644129,9692793,10737820,11550499,10311378,12141583,12082421,12084555,9927899
2021-11-01T11:20,10069362,9841809,12207127,11116929,8148698,10226639,10249889,11538206,8118556,11614435,12036309,13699112,9604893,12318868,13941022,13215944,9933534,11870023,11103841,10680379
2021-11-01T11:25,10779558,11465727,10787977,9527548,10748366,10539281,11792072,8583710,10449791,11289314,11644825,11546165,11290351,9449294,9065524,12769701,12661736,9419866,11927293,8636692
2021-11-01T11:30,9882327,12305196,10532194,9584941,11623176,10366871,12548235,11514432,11272869,13504629,11856687,11627196,10362772,12555038,9591373,13146860,13643684,11177145,10224446,10027359
2021-11-01T11:35,11451103,11209391,12822070,13105213,10438016,8510156,11078627,10201286,11047181,10229390,12207760,12169520,10297579,10344475,10427517,9850127,10597556,8441377,10022772,9628878
2021-11-01T11:40,10829068,12050906,11184648,12167428,9800492,12425924,11089949,13523515,10427048,13139862,10136308,11468413,11729165,9858640,8441690,13277472,9744527,10994660,11781202,10470244
2021-11-01T11:45,12026868,9513450,12470161,13573772,11365559,11996437,11526598,10406438,9912122,8539083,10057461,10671460,10722822,9802117,10438394,11970602,10731358,9564335,12922773,10000075
2021-11-01T11:50,9719604,13876146,10877137,10301125,11279357,12487785,12012797,9853839,10917880,12005163,12992624,9631398,10114218,10036505,9772930,9435715,10907684,11609910,8970984,12395547
2021-11-01T11:55,10556351,10541062,11760799,12419642,10120976,9485268,11000856,10373353,10291886,9551739,9535285,10150664,12648955,10575323,11348321,12394876,9755536,10218551,12224439,11849258
2021-11-01T12:00,13314372,11209211,10452761,10269042,9284720,12381795,11720916,10279447,11642250,12075015,11899209,14547774,13013354,10372277,11751772,10241920,11832855,11522454,9365622,11468027
2021-11-01T12:05,9680209,12136107,10997554,10767370,10557795,9314462,10195305,10948576,10539755,9874230,10235908,11020898,10257129,10974973,10644656,9641330,9116065,9947376,9825911,11163135
2021-11-01T12:10,12025235,10395476,10503057,10166748,10847096,10389857,10415060,11972079,12554822,12257234,10923861,9710604,11311911,13012370,10656155,10731736,12564732,8492317,12873169,10763781
2021-11-01T12:15,11529508,10062472,11117264,10670258,12278810,10416633,10131527,9820610,11933967,11422279,11653688,11656349,7793509,12160192,12756352,11704254,11623052,9743171,13395149,12520021
2021-11-01T12:20,12002756,11669146,10937229,10022570,10783928,15402635,10727627,9907365,10066137,8821279,11825416,12254183,9928015,9165370,10959163,12453706,12105431,14210995,9534969,9741401
2021-11-01T12:25,11127702,13095681,11447401,11379248,12450536,8164550,9118767,10236945,11667055,11011764,11395395,12537002,10389405,10871273,12988402,11865862,9076795,10161596,10446644,12690724
2021-11-01T12:30,9629417,10411791,11315146,12563632,11305595,10647813,11073756,10910148,10085871,10202354,13423218,10265036,10319056,10245709,13071859,9870142,11619199,9936893,9667786,11677760
2021-11-01T12:35,10213642,11698798,9040000,11256818,10579888,11802849,8698212,11929334,11145734,11431817,9470027,10499518,10376912,10465364,9579986,12212382,11394437,11123074,11473574,10010155
2021-11-01T12:40,8244917,8032479,10853314,9390602,8973640,8620707,10653238,12171828,12335255,12464640,11738854,10017794,12040845,13030086,10714456,11212876,9495893,9516367,10657321,10658545
2021-11-01T12:45,12114432,10879898,9900380,9813751,10458074,10356886,11412757,12147507,9930290,10447483,11591517,11343650,12579339,11831117,8482444,11174413,10412803,10676325,10616345,10253977
2021-11-01T12:50,12296466,11170660,11193839,10965244,10573856,12109278,8105508,8348625,10396602,9852842,10149233,9758598,9158322,10799099,12849243,10513739,9861043,11266458,11077919,12328976
2021-11-01T12:55,11507263,12313418,15443025,11086571,10623116,12118373,14001753,10932102,12171068,9463644,11750760,9147362,12038746,10261240,12341559,11490282,11321679,13193265,11138567,10681925
2021-11-01T13:00,11729777,11560791,10841205,9235887,8662261,11484993,10808187,11036370,11060234,9647321,10803026,10503608,11040225,11644444,10220894,9553396,8322081,9500792,9385394,13173956
2021-11-01T13:05,8963452,11182521,11050544,10948292,10469154,10969580,9878351,12230126,9123619,13152084,9726612,11329513,13297271,11970445,12070070,10356962,11712627,12114327,11611286,10112867
2021-11-01T13:10,11903477,9592616,12672137,11482567,10429724,10243872,12117994,11121362,12258596,11099245,10761194,14860708,12874720,10971432,11880866,11155192,9131064,9114179,10299566,9647598
2021-11-01T13:15,11201017,12475148,12090935,9083285,10033195,12889180,8079973,9825870,11387168,9380071,11100917,9819038,15484125,12212397,13171348,9528704,9524202,12214001,12058185,10797505
2021-11-01T13:20,12661330,9898745,9928355,10741360,12604176,10015772,11794066,9469171,12174882,10732257,11599441,11096160,13159360,11405702,8698921,11054170,9607678,11703825,10195137,6713104
2021-11-01T13:25,11759728,12358263,10146950,11676025,9976188,9471673,11052887,10428726,10000705,10628594,9908677,10157450,9224606,10052784,8445499,11815378,8718970,11205556,10671720,11721567
2021-11-01T13:30,11183030,12591200,12271939,10984741,9361166,11272822,12681736,9329272,11319425,11383686,7972148,7868762,11273387,11077203,11735629,9985935,9496056,9853342,11996878,10655367
2021-11-01T13:35,8577101,11421426,13821394,11869419,10197076,10188586,12845258,10664051,9630542,10788607,8631979,12520396,11477342,10313772,9276842,10054049,9456868,10014425,10529004,10661387
2021-11-01T13:40,11297545,10414807,12604794,11726806,11917553,13558819,9467464,10320064,9974400,12498618,10847231,10346343,10786631,12505747,10679068,12530276,11531426,12141430,12396570,9737653
2021-11-01T13:45,12118140,9485696,9692798,11812825,11479279,10536342,9560166,11077118,11084547,11033965,9425452,10599074,10379494,11095382,9329628,8996963,11333535,11057931,11003498,8277908
2021-11-01T13:50,10444830,12381994,10795500,9647833,10988408,11610705,10986128,9993179,10091257,9687592,13072562,9122230,10803169,10559115,11614166,12135967,8678916,7818506,9768347,9889855
2021-11-01T13:55,10229036,10697978,12936096,11117348,12934812,10606603,10221210,10457665,10990769,12674400,11694166,10381345,9981696,11020962,11283040,11680534,11955522,11000422,10943857,10138836
2021-11-01T14:00,11941447,8716801,9147429,9856540,10125130,11934357,12114863,10502145,12702006,12566792,11327739,11679205,11040998,12138488,12059952,10304716,10939401,9673450,11922849,9330765
2021-11-01T14:05,10712446,9393719,11874483,11072139,10686429,9122853,12929495,10373146,13346486,11379403,10600243,10954940,9343033,10109365,10839892,9060777,10789999,12680416,12027325,11687624
2021-11-01T14:10,11498551,13217322,10054802,12494957,11239585,9202155,9937724,10136826,9527475,9838792,10062806,10546180,13496366,10650251,12392867,10677124,9580116,10102240,13020733,7741590
2021-11-01T14:15,10889326,9149983,9562381,9208202,12772679,12450814,11091051,11645213,11407726,12842282,12460878,12158073,12883365,11399150,10481100,10881175,11515057,11590048,10492196,11840562
2021-11-01T14:20,8720303,10662204,8679297,10455618,13265689,10670964,10471972,10707846,11637318,10180666,12245083,11056451,10677992,9576888,9048009,10217662,13276481,9690115,12640314,10227016
2021-11-01T14:25,13010061,11529718,11206227,10578705,9605619,10324231,9678493,10884715,10021969,8743513,11301162,9361482,11376351,12346506,11678961,10825904,11920296,10420055,10331186,11574322
2021-11-01T14:30,11221756,9718619,11482811,10292030,8819453,12939112,9298479,11664929,9242725,12075997,10964843,12286436,11610481,10905922,9576184,12778811,11615689,11234572,8937185,9754045
2021-11-01T14:35,8855531,11080990,9731503,11413284,13241310,11516632,12892981,9763136,11808536,11482034,11602832,10359135,9888883,10551599,12836064,9405383,11551072,10459523,8833318,8525751
2021-11-01T14:40,12373031,11861926,11533932,8961079,12228362,11105234,11925978,9995345,9201036,12070789,13592568,8826408,10577151,11958446,11388259,9918303,10835196,11913544,11804753,9860696
2021-11-01T14:45,12325989,10363405,11751426,11594942,11155899,10923865,9856300,10522915,9544792,12017773,9345631,12373847,11251215,10363518,12873585,10083395,12343406,11106829,8714781,11061507
2021-11-01T14:50,10108192,10686338,10526132,12113635,10778622,9670256,11900751,11549503,10161576,10269009,13217526,9597997,8229001,9791024,11181488,9724821,10634528,9299352,10811295,10838574
2021-11-01T14:55,10939609,10056223,10424607,9027083,10255688,11705590,11092674,13514114,11224472,9241808,10347386,13350854,10956182,9589574,10379690,10815082,11159219,11216493,8625074,9867272
2021-11-01T15:00,11720487,10075408,12082682,11701033,10545687,12671555,10436607,11750565,13137882,9226489,10240795,10802350,9363162,10299147,9259634,13283262,9889906,12305680,12831989,9998312
2021-11-01T15:05,10941740,11339119,13216986,11123627,12848026,11323726,9200012,10750060,9818480,10326431,10189211,9632189,13310144,9507919,8240724,12546728,13274691,11996702,10830188,11682596
2021-11-01T15:10,9929425,11081910,13166776,12640844,9427629,12080569,7716274,11593632,12986529,11182445,11463872,10685342,9210242,10362607,11520246,11190400,9602688,12202035,9058242,12483735
2021-11-01T15:15,13416579,12859206,13690316,9990963,8358848,10485752,10942204,12662513,10787133,12911180,10651133,12561487,12383873,11287387,9714728,10515276,11498880,9360170,9627233,13142307
2021-11-01T15:20,10293840,10489886,10392511,11614872,12635067,10304417,10708527,14623373,11609456,11884440,11097594,8422466,10945986,8573834,11443396,9084254,10214000,11598495,10163975,11694314
2021-11-01T15:25,12618080,9156092,10827343,10714953,9686983,11269768,9174841,11486703,11629027,8180192,11412067,10812175,9535226,11874788,9661860,10079444,10355618,10207536,9736208,9391752
2021-11-01T15:30,11309891,11918348,10175954,10445989,10060637,11170642,12192552,12392495,10382853,10224022,10172843,10573543,12007404,11397326,11102068,10760668,10691920,10624722,10198693,12420325
2021-11-01T15:35,11444892,8845746,12137331,11131666,10305511,11135413,12857474,13280387,12020965,8630187,11060468,11144691,9892195,11055835,9513406,9704494,11991064,10996047,9665450,11390715
2021-11-01T15:40,10780153,9088009,10531331,10997537,14701345,9861552,10462424,11053045,9591605,11034141,10688062,12423071,10318422,10455697,12512198,11172084,10387430,10644655,11397501,10721604
2021-11-01T15:45,11558462,12404890,11149159,13675129,8541438,11330927,11438970,11124278,11391915,9204065,10712260,11504568,9739691,11188166,10467964,11056333,13237261,11980228,8658411,11988702
2021-11-01T15:50,11617172,11782801,12226047,10322320,11428925,11142702,10370986,10912082,10734059,11924648,10468178,9441952,11227133,12146923,11140995,10287447,9951586,9863392,9993804,9458933
2021-11-01T15:55,10277175,10750748,11183656,9027817,11875040,8730156,11071344,10209290,10002598,11111365,9174159,11165248,12300846,13520445,9081386,9429939,10934878,11057727,12248492,14125961
2021-11-01T16:00,10996456,11580155,10314438,9018180,9464616,10954916,11671385,10048447,10593924,10885966,9490860,10599259,13533598,10452519,11259517,10983440,9506914,12811641,11122320,9594036
2021-11-01T16:05,12859808,10879442,10571076,13660919,11003685,13005202,12375346,11405540,10902124,10398910,11776692,10069459,10553048,9622408,9650249,10375601,11218114,9931216,9586411,11896337
2021-11-01T16:10,10325740,9339424,10419219,13283047,10387087,11649007,10616058,10481325,10015130,10761075,13282497,11909384,12350628,12206230,11607061,10602089,11259527,11181114,11198314,12730675
2021-11-01T16:15,12196965,9554342,11656203,12182398,11417909,10593140,12108233,10895643,11870429,12812636,9397514,10125207,12242693,12875685,12508816,10990965,7902875,9852571,11518092,12242417
2021-11-01T16:20,11287473,12138299,9901599,11228609,12753690,8470159,9802224,8197548,10255247,10092908,8138984,10521666,12295367,10729217,9380745,7828732,9907013,10958688,10382986,12815800
2021-11-01T16:25,10468644,11504682,12193681,12111561,11458110,10152303,10412416,9474770,12198994,10564017,14065914,10612448,12580085,11264364,9881900,12647396,13444949,9996067,8641239,10719343
2021-11-01T16:30,12216279,9293845,12013221,12259541,10265220,11892355,12030253,9440442,10446989,10812227,9955901,10546315,8715639,11548000,11408561,11074263,9653317,11445367,12151935,10860448
2021-11-01T16:35,11391571,9190394,10829507,10935183,11223452,12194393,12939653,10432618,10971842,11537212,10596625,12307922,8524412,11139239,10344980,10546436,12681526,11593161,10843130,11689185
