site_name,AD,AE,AK,BD,BG,BI,BL,CF,DH,DV,E,EL,EM,EU,EV,GL,GW,GY,IJ,IO,IQ,IT,IU,JT,JW,KZ,L,LO,LW,OT,PS,PW,QW,SW,W
29,208,239,254,171,293,174,210,323,276,205,289,235,189,287,233,308,189,186,271,112,309,169,216,298,241,206,230,202,221,172,294,227,237,221,218
45,206,208,237,215,164,235,239,224,222,100,262,231,197,234,195,218,251,258,285,250,290,192,286,262,251,249,204,277,265,178,344,274,101,284,216
78,264,337,223,171,176,233,194,234,123,254,200,244,250,286,184,203,166,304,305,310,231,189,181,233,221,191,213,270,212,278,285,242,182,231,271
A8,260,274,154,304,157,105,232,172,250,255,129,212,257,319,285,277,348,282,186,228,176,183,278,215,296,286,197,276,272,250,166,235,232,310,137
AY,193,198,213,286,192,202,133,202,222,243,158,281,185,289,193,259,351,233,240,221,176,149,100,301,183,314,245,217,311,234,212,331,183,156,242
Aw,284,240,238,223,217,244,208,263,275,153,263,269,145,236,230,334,186,184,223,230,278,200,192,229,227,211,235,232,236,158,188,282,195,226,228
B6,293,269,271,235,253,194,299,227,176,204,213,190,224,226,241,135,255,300,298,215,231,289,170,202,289,297,143,173,207,289,329,202,151,262,199
Ba,214,239,207,185,221,195,263,275,141,146,219,225,197,256,225,234,304,268,201,180,200,249,226,212,237,167,234,362,177,220,257,221,208,270,225
Bn,212,155,228,256,272,269,258,165,263,225,201,205,175,285,154,298,244,289,277,264,292,256,249,230,253,206,207,242,200,247,200,258,323,198,285
CJ,245,263,365,292,221,218,266,224,196,222,321,191,285,296,148,253,229,248,289,274,225,269,108,211,262,229,233,193,176,180,159,282,144,241,167
CL,142,279,249,205,181,230,298,299,286,199,135,349,254,293,224,154,213,221,278,267,241,215,248,210,261,277,296,201,222,277,180,208,213,313,265
CO,311,189,173,258,297,290,177,204,235,212,149,327,166,278,231,281,214,301,243,177,246,166,302,224,228,248,279,316,247,135,201,308,213,242,175
CX,145,223,239,232,262,209,249,178,214,174,192,236,307,211,147,274,269,171,279,237,243,262,187,238,198,246,223,201,277,325,161,321,268,241,279
DM,158,216,237,213,263,285,244,197,237,229,177,294,225,247,76,299,185,255,202,245,284,234,197,208,185,170,200,193,225,296,328,275,279,197,236
DW,259,266,287,164,227,254,189,249,290,189,225,232,220,225,161,228,200,229,161,258,187,288,249,312,184,231,215,210,324,179,210,263,279,258,309
DZ,231,260,195,278,205,266,168,318,148,198,284,294,215,207,204,297,238,181,271,196,209,204,315,178,178,188,303,187,286,258,314,299,174,167,199
EJ,242,220,281,336,217,181,248,292,197,226,223,217,232,222,202,194,351,280,202,227,222,252,285,206,362,207,276,269,219,121,226,188,180,171,278
ES,193,279,221,330,308,289,252,246,194,259,206,163,245,217,149,224,211,261,211,260,234,219,267,256,207,232,233,274,281,259,176,220,180,185,223
Ei,223,203,221,270,196,316,192,264,265,234,204,276,200,245,267,254,213,250,169,220,144,226,217,328,141,330,195,277,241,241,264,284,172,334,147
F4,185,318,176,178,179,299,238,256,237,223,262,220,220,303,276,268,164,344,164,185,167,201,257,293,266,232,135,287,196,272,159,311,219,273,305
FS,161,261,284,243,201,240,327,236,162,297,196,282,211,252,277,258,232,237,270,282,257,267,294,260,239,248,286,202,277,289,142,225,256,251,266
FY,232,220,182,269,233,257,221,200,238,209,180,259,296,324,248,125,270,292,272,219,224,242,302,191,208,270,211,247,229,210,216,234,153,220,230
Fy,252,107,244,257,226,319,240,159,216,152,248,158,188,143,168,251,163,305,254,236,235,245,232,297,219,220,185,253,258,311,266,259,283,281,281
GO,325,251,189,264,304,226,180,219,149,146,326,240,177,316,322,267,298,253,326,299,185,250,328,223,295,204,279,249,152,232,188,256,272,275,217
Gd,354,293,286,287,146,255,260,235,204,224,255,281,227,251,200,243,196,290,146,229,281,216,188,229,296,258,155,306,296,222,344,251,301,191,222
Gh,234,273,227,318,277,279,291,227,236,301,188,192,223,155,241,193,324,345,253,196,292,255,253,186,283,286,234,190,288,282,127,271,271,279,265
Gn,280,177,312,222,203,240,251,268,251,195,315,195,193,257,158,258,251,235,238,297,272,269,264,203,219,252,186,245,247,273,167,160,234,291,201
H2,225,276,233,219,230,269,210,189,261,250,278,197,153,194,152,230,289,225,189,231,285,220,240,266,197,225,200,255,285,160,230,187,280,211,246
H9,181,172,240,203,292,305,234,375,267,279,330,129,248,238,315,207,209,279,318,271,234,158,263,191,267,267,188,189,205,227,201,213,309,252,248
HL,223,214,281,255,178,248,288,249,319,229,263,174,200,226,281,317,236,320,159,209,222,256,223,202,223,265,282,277,201,180,150,241,265,186,250
HZ,266,271,243,253,220,217,250,217,168,270,252,171,233,171,270,208,143,319,224,230,231,243,196,342,304,103,243,301,194,170,155,273,235,128,176
Hs,241,268,240,340,207,316,245,162,220,327,227,210,270,212,246,223,267,244,277,130,355,301,249,297,231,268,224,202,298,301,250,231,263,325,226
I1,171,247,277,81,175,301,290,110,308,185,192,210,217,195,319,291,284,335,306,167,266,310,294,223,325,297,341,180,262,113,244,255,206,215,236
IX,210,294,328,347,226,251,267,310,219,311,224,206,276,223,223,172,241,268,307,281,329,225,358,310,264,263,253,198,226,174,212,285,311,181,324
Id,257,326,143,194,299,250,285,259,187,168,227,286,205,219,245,301,270,162,208,257,210,218,226,279,250,148,138,185,244,186,210,259,320,259,246
Ip,259,173,241,184,212,243,202,206,185,243,249,238,204,191,221,181,237,299,215,232,217,309,277,163,228,265,306,220,182,238,217,189,208,277,277
J1,209,260,234,267,232,239,157,121,226,262,197,246,298,262,241,261,193,227,250,208,228,220,271,247,192,257,264,331,249,273,273,221,315,324,186
JQ,261,261,281,286,204,308,338,197,367,248,256,192,293,232,224,198,201,273,317,176,205,212,224,229,174,337,149,203,311,327,171,209,163,219,266
JV,172,121,252,277,239,181,314,202,227,199,264,309,263,239,341,304,206,229,228,149,218,306,320,261,224,188,350,199,280,216,240,255,296,199,222
JX,142,240,321,235,251,275,151,293,315,230,212,190,296,221,239,131,258,218,278,270,205,157,265,239,197,261,257,286,326,346,248,185,263,179,178
JZ,175,188,217,240,215,231,239,214,136,222,185,337,289,289,227,310,182,228,313,182,150,229,206,252,173,184,332,206,159,212,283,298,195,261,227
Jd,217,310,241,195,219,208,250,234,283,296,285,153,249,218,220,196,160,134,318,259,245,254,202,161,149,192,283,180,199,298,270,227,376,211,138
Je,262,202,314,252,255,293,139,216,214,280,294,197,243,232,216,249,268,378,200,126,212,299,255,217,211,163,273,213,248,174,273,194,194,227,201
Jh,214,252,228,293,232,173,260,220,391,163,275,258,217,231,283,293,271,223,262,228,255,318,153,262,300,163,172,249,314,184,254,261,258,267,251
Jj,312,230,229,240,250,337,234,237,252,98,303,299,164,276,197,312,243,341,143,177,148,219,229,275,234,249,290,251,349,264,289,269,232,272,211
K2,216,228,265,306,260,257,262,333,243,288,175,227,278,261,193,229,211,170,229,171,180,266,314,263,276,284,259,246,183,299,347,209,174,168,250
K6,287,254,172,210,169,286,306,232,307,258,221,217,280,246,127,206,260,237,224,250,214,191,231,236,308,230,199,356,315,355,260,229,299,250,217
KS,222,285,251,304,299,294,297,336,233,244,191,221,240,310,313,260,207,220,259,227,188,280,195,294,204,221,186,277,277,257,279,170,243,276,196
KW,268,208,212,266,199,251,293,283,208,243,226,255,340,142,130,283,210,269,212,310,194,231,247,285,181,195,212,194,227,242,249,237,233,300,214
KZ,216,173,267,207,186,219,153,293,215,315,258,133,241,219,293,171,201,171,200,125,153,167,276,193,214,274,246,269,278,225,182,154,240,244,219
Kb,287,239,246,172,267,164,176,277,240,170,241,308,320,289,220,172,224,244,222,258,206,260,177,208,199,307,187,296,239,301,202,155,175,286,317
Kv,227,287,238,215,221,233,216,287,233,232,332,243,239,292,220,292,240,242,230,94,304,311,344,237,271,223,250,210,229,296,244,283,239,223,167
Le,266,377,167,191,225,349,178,265,165,270,238,259,279,270,251,215,202,261,236,283,228,251,192,191,281,202,267,228,212,203,184,258,153,203,159
Ln,263,222,191,243,197,204,219,287,308,286,196,244,175,198,362,175,267,258,227,235,205,229,169,324,294,176,262,249,173,249,262,187,245,293,210
M4,91,159,262,232,247,272,238,308,311,230,158,314,237,223,256,264,194,243,279,234,274,288,244,264,154,240,281,200,186,183,272,278,160,240,257
MN,275,179,261,246,248,250,207,259,288,121,252,224,282,201,141,171,145,271,175,171,232,191,177,197,281,217,155,130,64,219,232,146,237,204,292
MR,154,308,254,143,234,235,240,227,225,250,317,182,236,306,256,304,189,102,210,234,239,223,263,354,217,181,253,191,191,194,267,230,273,246,281
MX,246,217,219,249,246,242,339,231,235,237,236,231,214,326,191,209,249,228,240,314,222,225,225,227,159,280,146,226,286,284,266,267,373,244,213
Mu,268,252,288,224,301,237,193,115,198,232,240,237,258,259,146,221,216,323,236,157,140,247,224,282,286,199,159,210,238,246,186,271,161,167,242
N2,229,294,284,263,233,258,289,175,180,302,245,246,259,297,163,180,185,214,285,243,299,238,322,270,263,268,326,263,275,231,302,244,284,211,198
NQ,261,227,229,254,161,283,330,300,180,262,253,238,253,224,278,233,237,287,228,145,227,265,297,163,257,199,260,181,221,223,208,270,282,186,239
OQ,281,223,167,227,194,226,321,164,281,273,199,198,216,232,234,254,260,167,169,130,203,211,211,274,237,149,225,260,239,230,265,262,225,225,157
OV,205,184,273,250,213,146,204,251,111,191,246,291,282,215,284,263,381,229,295,249,246,277,332,227,204,262,194,275,211,196,221,187,254,257,351
OW,280,302,207,290,273,233,240,261,135,296,158,196,217,279,238,229,189,278,196,205,309,283,187,267,135,313,143,281,295,225,237,225,356,285,203
Oe,250,253,275,227,259,246,219,232,258,220,205,186,179,292,246,188,214,158,183,150,193,189,219,198,215,284,202,296,180,232,194,218,241,164,209
Oq,148,189,267,256,206,158,297,226,251,125,268,218,230,227,122,183,225,144,247,283,200,212,265,263,240,251,232,237,211,190,237,188,212,219,219
Ox,232,295,135,247,216,224,197,213,249,288,234,223,336,258,328,235,235,221,211,257,227,248,208,228,311,183,265,166,230,256,166,210,245,250,218
Pa,288,220,271,196,168,218,300,216,179,264,194,233,245,263,223,355,117,159,172,119,187,258,250,295,249,106,264,194,233,297,194,174,164,199,249
Pj,215,215,266,315,128,162,275,243,300,246,230,275,184,256,275,251,278,250,170,342,217,259,305,215,210,244,270,234,277,256,193,250,187,308,275
Pp,214,196,246,404,162,260,282,132,172,213,208,209,274,211,303,232,185,259,237,279,283,302,195,264,261,290,218,177,212,90,242,210,283,309,175
Pv,256,191,147,190,216,238,264,191,232,235,251,214,222,305,294,324,264,295,132,146,240,298,320,239,256,284,309,332,287,187,278,277,230,180,185
Pw,191,234,202,284,175,239,234,318,258,259,238,248,234,174,215,229,264,280,324,184,215,244,156,144,283,286,197,224,228,206,261,284,198,226,200
Py,171,268,223,257,281,269,193,199,267,255,286,141,242,144,249,203,231,192,261,271,205,252,309,225,238,226,285,203,311,229,254,168,297,275,302
Qo,140,266,147,172,315,249,184,235,301,203,243,276,225,188,276,244,214,306,248,234,106,268,248,260,245,188,278,318,257,227,272,310,288,223,257
Qv,304,188,231,232,245,244,258,285,222,260,250,249,218,138,197,193,206,216,273,256,299,166,163,283,258,203,260,201,287,247,275,231,219,410,196
R3,283,202,209,281,203,147,198,222,216,272,224,202,216,199,220,200,277,221,216,223,220,271,272,137,269,270,228,183,261,276,255,314,242,198,259
R7,304,174,237,201,243,220,161,191,196,242,272,239,265,171,242,182,200,302,157,242,212,238,309,173,158,188,208,235,130,216,288,302,295,343,275
R9,221,302,226,271,181,221,264,228,163,254,303,190,202,216,343,181,60,314,246,266,227,265,223,256,259,295,261,272,269,172,284,294,238,164,230
Rj,215,251,265,217,346,183,177,275,187,224,252,284,222,280,298,201,214,213,279,302,207,113,280,115,198,240,183,157,275,231,155,197,273,169,264
Rm,245,195,195,196,283,185,199,169,286,198,229,341,273,296,257,231,230,181,246,260,181,257,268,200,309,202,231,166,195,188,207,274,186,214,216
Ry,244,175,289,148,201,222,241,255,343,251,308,171,232,206,268,245,232,309,292,231,261,198,249,252,292,302,290,247,263,306,338,316,256,344,163
Rz,214,237,246,205,280,262,326,247,173,187,207,199,212,179,294,284,293,230,260,204,243,268,148,159,171,210,232,271,207,183,265,236,285,280,214
Si,104,328,306,320,292,241,174,159,222,215,155,155,251,268,211,231,264,222,281,221,262,251,256,241,193,303,196,276,224,251,278,306,231,299,173
TU,228,211,270,188,221,232,192,273,222,292,226,298,185,319,319,243,288,221,288,215,204,280,294,193,226,296,311,242,268,280,192,204,237,172,195
Tj,243,261,272,379,218,284,251,201,297,182,237,229,288,283,251,228,260,166,202,203,298,192,300,261,172,204,195,320,248,229,306,270,384,293,258
Tn,268,229,127,215,221,238,321,277,180,230,183,298,300,243,247,316,248,127,166,234,186,144,197,260,160,257,212,256,218,239,237,171,283,244,336
Tz,210,269,276,202,215,209,315,147,189,256,330,177,307,175,212,246,290,247,218,201,163,209,213,307,225,301,173,215,251,222,242,243,218,217,190
U7,182,248,257,266,220,198,258,141,146,208,270,307,265,368,310,304,284,337,185,181,218,236,201,266,246,279,313,272,260,291,251,317,197,226,254
Uj,183,212,217,229,296,206,204,161,223,203,148,245,170,249,207,288,270,185,292,324,218,228,270,226,159,219,224,214,227,254,304,296,213,196,212
Uw,220,328,244,202,240,226,208,303,292,200,244,323,250,211,239,211,254,263,198,205,262,213,240,233,241,134,165,239,223,234,309,236,159,279,261
Ve,299,244,243,260,277,250,225,253,204,274,106,263,267,134,268,295,220,207,228,243,250,185,316,188,223,276,186,240,230,178,323,219,184,257,178
Vx,160,249,304,190,272,197,239,203,162,171,299,238,268,268,288,269,221,246,294,210,282,198,213,229,137,218,300,296,185,208,216,188,186,154,194
Wf,236,269,238,168,190,196,253,299,278,97,289,253,294,210,243,140,196,269,229,273,247,262,215,245,243,191,187,283,252,262,186,237,257,279,295
Wh,290,248,262,313,246,284,284,211,203,208,264,204,269,305,224,262,90,296,185,363,156,232,235,264,233,169,260,231,217,157,238,232,258,249,210
Xj,180,259,286,221,189,180,259,315,253,191,234,245,317,273,249,286,323,213,197,209,257,236,288,271,192,198,278,223,295,326,236,265,271,317,172
Yb,208,253,263,226,224,187,248,276,298,251,183,195,190,286,303,279,273,216,222,258,348,238,234,285,176,274,200,326,235,250,127,215,285,189,255
Yz,200,291,143,209,285,282,223,249,234,260,158,252,200,285,217,199,262,297,219,267,144,227,280,264,234,276,198,246,331,257,214,171,236,134,385
Z3,241,322,297,295,123,226,251,202,334,269,241,208,191,219,276,213,226,204,144,231,305,287,270,247,288,182,191,273,188,230,245,153,254,256,172
Z8,330,240,182,200,243,239,186,184,196,200,332,190,228,341,205,225,207,219,304,187,303,176,258,232,181,172,202,169,260,274,150,206,273,132,241
Zj,258,225,237,242,161,265,214,329,255,268,257,202,259,226,234,197,161,225,269,275,310,332,282,252,224,203,309,218,239,307,212,268,228,181,275
a6,241,270,289,196,244,144,166,264,180,184,241,243,265,287,270,206,205,320,118,175,298,201,260,227,242,193,260,201,288,255,274,156,217,200,257
af,285,248,249,265,335,287,214,187,133,275,241,259,184,291,191,288,177,206,202,201,180,202,151,229,275,277,241,206,268,236,235,188,222,336,325
ag,269,221,280,258,232,229,238,210,233,192,275,286,201,235,300,199,152,227,150,196,265,319,240,203,242,209,236,269,172,223,115,266,212,175,243
am,307,244,193,164,288,136,223,230,221,202,246,239,226,232,233,266,310,199,198,215,236,213,233,226,261,193,254,144,216,245,242,224,219,297,260
b1,239,248,209,259,245,190,318,161,342,204,276,190,201,208,251,272,210,247,294,225,288,198,165,187,260,159,275,314,172,221,348,198,291,217,243
b9,256,174,167,322,270,209,177,222,289,303,149,293,267,212,339,332,229,274,295,282,245,330,181,243,237,315,221,265,177,198,342,274,292,197,250
bf,259,175,184,315,260,257,306,287,286,260,171,254,337,293,257,249,301,358,124,207,328,273,203,190,236,325,300,237,240,278,92,285,331,283,318
bj,255,178,220,183,306,198,212,216,228,221,234,306,193,198,240,272,245,199,223,185,151,209,247,197,233,283,259,150,232,229,311,240,199,257,240
bz,241,231,214,257,224,156,190,207,201,262,263,258,277,379,233,245,204,206,239,330,184,163,234,269,220,244,249,188,218,320,211,189,273,252,251
co,310,188,260,344,194,266,261,268,270,259,277,230,105,298,153,215,244,193,268,296,277,192,183,223,258,232,249,240,296,246,226,228,202,211,267
cp,151,249,186,373,268,304,291,198,298,194,237,291,122,267,194,283,282,242,263,215,236,252,217,321,291,182,240,239,268,229,236,251,249,224,277
cs,287,218,263,340,357,249,300,194,216,307,222,197,286,344,255,256,229,262,203,256,210,336,157,285,150,223,187,186,165,261,267,224,226,201,207
dw,274,140,201,281,293,271,340,201,308,306,183,325,270,254,212,194,185,306,253,314,307,256,273,251,203,267,258,287,281,299,263,285,143,289,307
e6,226,266,267,218,324,264,148,167,251,339,364,248,210,269,185,313,260,172,193,183,307,197,261,217,181,268,232,188,169,189,220,237,316,198,238
en,231,258,225,234,238,290,259,256,271,224,224,256,222,264,224,248,246,271,313,244,316,300,183,279,206,262,241,216,222,215,289,179,241,177,256
f7,216,261,301,213,185,250,180,174,306,389,153,210,300,236,188,259,330,289,159,189,223,276,294,290,274,275,286,363,257,304,225,210,217,264,209
fm,353,83,206,235,169,244,218,183,283,288,181,258,199,262,348,336,289,139,280,188,291,231,322,273,221,157,175,273,141,193,305,210,234,178,196
fs,207,213,182,252,165,289,301,248,230,258,288,164,257,281,278,279,219,205,217,229,208,331,242,230,312,314,263,220,249,230,302,238,183,188,183
gv,217,217,239,220,173,257,234,270,247,259,225,275,290,206,157,204,176,306,215,226,267,247,286,233,224,270,269,221,287,215,169,199,136,390,145
h1,217,254,165,271,206,279,318,242,289,242,235,286,230,214,168,269,235,309,257,324,291,287,313,169,184,244,263,185,293,342,263,181,298,207,278
ik,174,294,229,214,240,258,259,131,273,257,223,204,214,281,182,193,306,217,258,224,144,174,155,236,333,214,150,227,171,269,230,203,298,215,259
lu,320,222,266,235,192,229,200,191,340,281,190,240,239,244,110,321,225,279,272,247,161,243,254,312,232,214,221,200,250,219,272,255,266,286,299
m3,225,172,266,211,262,228,239,166,258,221,235,236,293,223,244,243,194,223,248,249,170,237,212,295,279,214,193,266,153,158,259,195,187,178,300
ny,354,237,201,152,273,236,146,193,245,212,149,257,218,245,303,246,242,284,315,220,281,311,248,211,299,128,250,201,267,170,256,250,248,219,195
ot,209,251,162,243,285,200,128,309,191,212,239,185,271,197,201,196,296,223,291,239,335,247,260,341,176,241,160,237,191,131,260,257,203,159,306
ox,217,190,164,261,215,329,245,214,191,316,277,180,208,179,315,269,255,125,265,259,261,200,264,153,143,227,243,242,283,315,191,169,296,287,134
pr,233,308,259,222,194,255,212,194,217,300,193,263,290,196,214,176,148,228,177,253,219,205,243,203,255,340,190,285,307,193,253,330,247,245,278
pt,239,256,234,206,249,231,205,140,260,241,205,252,209,171,254,236,233,290,190,335,431,304,293,204,289,238,179,235,281,259,214,252,315,297,275
q8,200,251,202,217,268,265,194,256,298,246,342,205,220,250,130,213,249,272,240,233,261,230,232,221,261,233,226,256,308,198,210,249,199,232,267
qs,169,224,266,267,238,189,285,302,244,220,279,196,212,285,158,242,230,250,233,230,255,251,168,270,230,275,166,177,195,304,232,173,272,274,209
qu,212,226,267,270,188,231,191,283,175,170,269,266,283,349,204,216,196,246,252,281,240,309,244,260,231,298,242,184,237,304,238,255,178,150,254
s8,241,219,254,173,246,266,170,197,258,254,214,246,211,264,315,303,293,319,223,173,316,208,209,270,263,290,283,221,184,264,246,320,199,283,101
t4,153,279,313,245,231,302,238,170,197,225,266,285,220,264,239,212,198,191,233,272,320,309,269,286,239,180,151,238,231,198,225,288,298,186,251
w4,248,287,276,127,248,182,251,207,228,252,232,279,227,269,179,290,281,263,260,288,278,306,240,220,297,320,254,241,223,238,225,279,265,247,179
z6,257,288,338,303,206,391,209,178,241,228,202,226,271,221,237,172,196,223,234,239,277,276,206,257,221,266,277,210,190,250,240,244,134,194,231
